pattern,syllable,vowel_sound,tts_locale,query_text,example_word,file,status
KVK,bah,standard,id-MY,bah,abah,KVK/KVK_bah.mp3,already-present
KVK,bak,standard,id-MY,bak,ammabakdahu,KVK/KVK_bak.mp3,already-present
KVK,bal,standard,id-MY,bal,babal,KVK/KVK_bal.mp3,already-present
KVK,bam,standard,id-MY,bam,bam,KVK/KVK_bam.mp3,already-present
KVK,ban,standard,id-MY,ban,peradaban,KVK/KVK_ban.mp3,already-present
KVK,bap,standard,id-MY,bap,baptis,KVK/KVK_bap.mp3,already-present
KVK,bar,standard,id-MY,bar,abar,KVK/KVK_bar.mp3,already-present
KVK,bas,standard,id-MY,bas,babas,KVK/KVK_bas.mp3,already-present
KVK,bat,standard,id-MY,bat,akibat,KVK/KVK_bat.mp3,already-present
KVK,beh,e-pepet,hi,बह,bebeh,KVK/KVK_beh_e-pepet.mp3,generated
KVK,beh,e-taling,id-MY,behh,bebeh,KVK/KVK_beh_e-taling.mp3,already-present
KVK,bek,e-pepet,hi,बक,bebek,KVK/KVK_bek_e-pepet.mp3,generated
KVK,bek,e-taling,id-MY,behk,bebek,KVK/KVK_bek_e-taling.mp3,already-present
KVK,bel,e-pepet,hi,बल,bebel,KVK/KVK_bel_e-pepet.mp3,generated
KVK,bel,e-taling,id-MY,behl,bebel,KVK/KVK_bel_e-taling.mp3,already-present
KVK,bem,e-pepet,hi,बम,bemban,KVK/KVK_bem_e-pepet.mp3,generated
KVK,bem,e-taling,id-MY,behm,bemban,KVK/KVK_bem_e-taling.mp3,already-present
KVK,ben,e-pepet,hi,बन,benbarang,KVK/KVK_ben_e-pepet.mp3,generated
KVK,ben,e-taling,id-MY,behn,benbarang,KVK/KVK_ben_e-taling.mp3,already-present
KVK,ber,e-pepet,hi,बर,berpelajaran,KVK/KVK_ber_e-pepet.mp3,generated
KVK,ber,e-taling,id-MY,behr,berpelajaran,KVK/KVK_ber_e-taling.mp3,already-present
KVK,bes,e-pepet,hi,बस,bes,KVK/KVK_bes_e-pepet.mp3,generated
KVK,bes,e-taling,id-MY,behs,bes,KVK/KVK_bes_e-taling.mp3,already-present
KVK,bet,e-pepet,hi,बत,abet,KVK/KVK_bet_e-pepet.mp3,generated
KVK,bet,e-taling,id-MY,beht,abet,KVK/KVK_bet_e-taling.mp3,already-present
KVK,bih,standard,id-MY,bih,lebih,KVK/KVK_bih.mp3,already-present
KVK,bik,standard,id-MY,bik,aerobik,KVK/KVK_bik.mp3,already-present
KVK,bil,standard,id-MY,bil,automobil,KVK/KVK_bil.mp3,already-present
KVK,bim,standard,id-MY,bim,bimbang,KVK/KVK_bim.mp3,already-present
KVK,bin,standard,id-MY,bin,abintara,KVK/KVK_bin.mp3,already-present
KVK,bir,standard,id-MY,bir,bibir,KVK/KVK_bir.mp3,already-present
KVK,bis,standard,id-MY,bis,autobis,KVK/KVK_bis.mp3,already-present
KVK,bit,standard,id-MY,bit,babit,KVK/KVK_bit.mp3,already-present
KVK,boh,standard,id-MY,boh,bohlam,KVK/KVK_boh.mp3,already-present
KVK,bok,standard,id-MY,bok,bobok,KVK/KVK_bok.mp3,already-present
KVK,bol,standard,id-MY,bol,bobol,KVK/KVK_bol.mp3,already-present
KVK,bom,standard,id-MY,bom,bom,KVK/KVK_bom.mp3,already-present
KVK,bon,standard,id-MY,bon,abon,KVK/KVK_bon.mp3,already-present
KVK,bor,standard,id-MY,bor,bor,KVK/KVK_bor.mp3,already-present
KVK,bos,standard,id-MY,bos,bobos,KVK/KVK_bos.mp3,already-present
KVK,bot,standard,id-MY,bot,bot,KVK/KVK_bot.mp3,already-present
KVK,buh,standard,id-MY,buh,abuh,KVK/KVK_buh.mp3,already-present
KVK,buk,standard,id-MY,buk,abuk,KVK/KVK_buk.mp3,already-present
KVK,bul,standard,id-MY,bul,bubul,KVK/KVK_bul.mp3,already-present
KVK,bum,standard,id-MY,bum,bumban,KVK/KVK_bum.mp3,already-present
KVK,bun,standard,id-MY,bun,abun,KVK/KVK_bun.mp3,already-present
KVK,bur,standard,id-MY,bur,abur,KVK/KVK_bur.mp3,already-present
KVK,bus,standard,id-MY,bus,abus,KVK/KVK_bus.mp3,already-present
KVK,but,standard,id-MY,but,atribut,KVK/KVK_but.mp3,already-present
KVK,cah,standard,id-MY,cah,acah,KVK/KVK_cah.mp3,already-present
KVK,cak,standard,id-MY,cak,acak,KVK/KVK_cak.mp3,already-present
KVK,cal,standard,id-MY,cal,kerical,KVK/KVK_cal.mp3,already-present
KVK,cam,standard,id-MY,cam,cam,KVK/KVK_cam.mp3,already-present
KVK,can,standard,id-MY,can,acan,KVK/KVK_can.mp3,already-present
KVK,cap,standard,id-MY,cap,acap,KVK/KVK_cap.mp3,already-present
KVK,car,standard,id-MY,car,acar,KVK/KVK_car.mp3,already-present
KVK,cas,standard,id-MY,cas,cas,KVK/KVK_cas.mp3,already-present
KVK,cat,standard,id-MY,cat,cacat,KVK/KVK_cat.mp3,already-present
KVK,ceh,e-pepet,hi,चह,boceh,KVK/KVK_ceh_e-pepet.mp3,generated
KVK,ceh,e-taling,id-MY,cehh,boceh,KVK/KVK_ceh_e-taling.mp3,already-present
KVK,cek,e-pepet,hi,चक,becek,KVK/KVK_cek_e-pepet.mp3,generated
KVK,cek,e-taling,id-MY,cehk,becek,KVK/KVK_cek_e-taling.mp3,already-present
KVK,cel,e-pepet,hi,चल,celsius,KVK/KVK_cel_e-pepet.mp3,generated
KVK,cel,e-taling,id-MY,cehl,celsius,KVK/KVK_cel_e-taling.mp3,already-present
KVK,cem,e-pepet,hi,चम,cembang,KVK/KVK_cem_e-pepet.mp3,generated
KVK,cem,e-taling,id-MY,cehm,cembang,KVK/KVK_cem_e-taling.mp3,already-present
KVK,cen,e-pepet,hi,चन,cencala,KVK/KVK_cen_e-pepet.mp3,generated
KVK,cen,e-taling,id-MY,cehn,cencala,KVK/KVK_cen_e-taling.mp3,already-present
KVK,cer,e-pepet,hi,चर,cerca,KVK/KVK_cer_e-pepet.mp3,generated
KVK,cer,e-taling,id-MY,cehr,cerca,KVK/KVK_cer_e-taling.mp3,already-present
KVK,ces,e-pepet,hi,चस,leces,KVK/KVK_ces_e-pepet.mp3,generated
KVK,ces,e-taling,id-MY,cehs,leces,KVK/KVK_ces_e-taling.mp3,already-present
KVK,cet,e-pepet,hi,चत,lecet,KVK/KVK_cet_e-pepet.mp3,generated
KVK,cet,e-taling,id-MY,ceht,lecet,KVK/KVK_cet_e-taling.mp3,already-present
KVK,cih,standard,id-MY,cih,pacih,KVK/KVK_cih.mp3,already-present
KVK,cik,standard,id-MY,cik,acik,KVK/KVK_cik.mp3,already-present
KVK,cil,standard,id-MY,cil,cacil,KVK/KVK_cil.mp3,already-present
KVK,cim,standard,id-MY,cim,cimni,KVK/KVK_cim.mp3,already-present
KVK,cin,standard,id-MY,cin,bacin,KVK/KVK_cin.mp3,already-present
KVK,cip,standard,id-MY,cip,cicip,KVK/KVK_cip.mp3,already-present
KVK,cir,standard,id-MY,cir,cicir,KVK/KVK_cir.mp3,already-present
KVK,cis,standard,id-MY,cis,cis,KVK/KVK_cis.mp3,already-present
KVK,cit,standard,id-MY,cit,cicit,KVK/KVK_cit.mp3,already-present
KVK,coh,standard,id-MY,coh,gocoh,KVK/KVK_coh.mp3,already-present
KVK,cok,standard,id-MY,cok,bacok,KVK/KVK_cok.mp3,already-present
KVK,com,standard,id-MY,com,combol,KVK/KVK_com.mp3,already-present
KVK,con,standard,id-MY,con,condong,KVK/KVK_con.mp3,already-present
KVK,cop,standard,id-MY,cop,cop,KVK/KVK_cop.mp3,already-present
KVK,cor,standard,id-MY,cor,bocor,KVK/KVK_cor.mp3,already-present
KVK,cuh,standard,id-MY,cuh,acuh,KVK/KVK_cuh.mp3,already-present
KVK,cuk,standard,id-MY,cuk,bacuk,KVK/KVK_cuk.mp3,already-present
KVK,cul,standard,id-MY,cul,bacul,KVK/KVK_cul.mp3,already-present
KVK,cum,standard,id-MY,cum,acum,KVK/KVK_cum.mp3,already-present
KVK,cun,standard,id-MY,cun,cucunya,KVK/KVK_cun.mp3,already-present
KVK,cup,standard,id-MY,cup,cemucup,KVK/KVK_cup.mp3,already-present
KVK,cur,standard,id-MY,cur,cucur,KVK/KVK_cur.mp3,already-present
KVK,cus,standard,id-MY,cus,becus,KVK/KVK_cus.mp3,already-present
KVK,cut,standard,id-MY,cut,bacut,KVK/KVK_cut.mp3,already-present
KVK,dah,standard,id-MY,dah,akidah,KVK/KVK_dah.mp3,already-present
KVK,dak,standard,id-MY,dak,badak,KVK/KVK_dak.mp3,already-present
KVK,dal,standard,id-MY,dal,badal,KVK/KVK_dal.mp3,already-present
KVK,dam,standard,id-MY,dam,adam,KVK/KVK_dam.mp3,already-present
KVK,dan,standard,id-MY,dan,adan,KVK/KVK_dan.mp3,already-present
KVK,dap,standard,id-MY,dap,memperadapkan,KVK/KVK_dap.mp3,already-present
KVK,dar,standard,id-MY,dar,adar,KVK/KVK_dar.mp3,already-present
KVK,das,standard,id-MY,das,adas,KVK/KVK_das.mp3,already-present
KVK,dat,standard,id-MY,dat,adat,KVK/KVK_dat.mp3,already-present
KVK,dek,e-pepet,hi,दक,bodek,KVK/KVK_dek_e-pepet.mp3,generated
KVK,dek,e-taling,id-MY,dehk,bodek,KVK/KVK_dek_e-taling.mp3,already-present
KVK,del,e-pepet,hi,दल,bedel,KVK/KVK_del_e-pepet.mp3,generated
KVK,del,e-taling,id-MY,dehl,bedel,KVK/KVK_del_e-taling.mp3,already-present
KVK,dem,e-pepet,hi,दम,adem,KVK/KVK_dem_e-pepet.mp3,generated
KVK,dem,e-taling,id-MY,dehm,adem,KVK/KVK_dem_e-taling.mp3,already-present
KVK,den,e-pepet,hi,दन,dencang,KVK/KVK_den_e-pepet.mp3,generated
KVK,den,e-taling,id-MY,dehn,dencang,KVK/KVK_den_e-taling.mp3,already-present
KVK,dep,e-pepet,hi,दप,antidepresan,KVK/KVK_dep_e-pepet.mp3,generated
KVK,dep,e-taling,id-MY,dehp,antidepresan,KVK/KVK_dep_e-taling.mp3,already-present
KVK,der,e-pepet,hi,दर,derhaka,KVK/KVK_der_e-pepet.mp3,generated
KVK,der,e-taling,id-MY,dehr,derhaka,KVK/KVK_der_e-taling.mp3,already-present
KVK,des,e-pepet,hi,दस,aedes,KVK/KVK_des_e-pepet.mp3,generated
KVK,des,e-taling,id-MY,dehs,aedes,KVK/KVK_des_e-taling.mp3,already-present
KVK,det,e-pepet,hi,दत,kadet,KVK/KVK_det_e-pepet.mp3,generated
KVK,det,e-taling,id-MY,deht,kadet,KVK/KVK_det_e-taling.mp3,already-present
KVK,dih,standard,id-MY,dih,dadih,KVK/KVK_dih.mp3,already-present
KVK,dik,standard,id-MY,dik,adik,KVK/KVK_dik.mp3,already-present
KVK,dil,standard,id-MY,dil,adil,KVK/KVK_dil.mp3,already-present
KVK,dim,standard,id-MY,dim,dim,KVK/KVK_dim.mp3,already-present
KVK,din,standard,id-MY,din,abidin,KVK/KVK_din.mp3,already-present
KVK,dip,standard,id-MY,dip,adipsia,KVK/KVK_dip.mp3,already-present
KVK,dir,standard,id-MY,dir,dirgahayu,KVK/KVK_dir.mp3,already-present
KVK,dis,standard,id-MY,dis,bidis,KVK/KVK_dis.mp3,already-present
KVK,dit,standard,id-MY,dit,audit,KVK/KVK_dit.mp3,already-present
KVK,doh,standard,id-MY,doh,bodoh,KVK/KVK_doh.mp3,already-present
KVK,dok,standard,id-MY,dok,belodok,KVK/KVK_dok.mp3,already-present
KVK,dol,standard,id-MY,dol,dodol,KVK/KVK_dol.mp3,already-present
KVK,dom,standard,id-MY,dom,domba,KVK/KVK_dom.mp3,already-present
KVK,don,standard,id-MY,don,dondang,KVK/KVK_don.mp3,already-present
KVK,dop,standard,id-MY,dop,adopsi,KVK/KVK_dop.mp3,already-present
KVK,dor,standard,id-MY,dor,ambasador,KVK/KVK_dor.mp3,already-present
KVK,dos,standard,id-MY,dos,dodos,KVK/KVK_dos.mp3,already-present
KVK,dot,standard,id-MY,dot,antidot,KVK/KVK_dot.mp3,already-present
KVK,duh,standard,id-MY,duh,aduh,KVK/KVK_duh.mp3,already-present
KVK,duk,standard,id-MY,duk,aduk,KVK/KVK_duk.mp3,already-present
KVK,dul,standard,id-MY,dul,budul,KVK/KVK_dul.mp3,already-present
KVK,dum,standard,id-MY,dum,redum,KVK/KVK_dum.mp3,already-present
KVK,dun,standard,id-MY,dun,adunya,KVK/KVK_dun.mp3,already-present
KVK,dup,standard,id-MY,dup,hidup,KVK/KVK_dup.mp3,already-present
KVK,dur,standard,id-MY,dur,bahadur,KVK/KVK_dur.mp3,already-present
KVK,dus,standard,id-MY,dus,dusta,KVK/KVK_dus.mp3,already-present
KVK,dut,standard,id-MY,dut,antikedut,KVK/KVK_dut.mp3,already-present
KVK,fah,standard,id-MY,fah,arafah,KVK/KVK_fah.mp3,already-present
KVK,fak,standard,id-MY,fak,artifak,KVK/KVK_fak.mp3,already-present
KVK,fal,standard,id-MY,fal,afal,KVK/KVK_fal.mp3,already-present
KVK,fan,standard,id-MY,fan,pengaktifan,KVK/KVK_fan.mp3,already-present
KVK,far,standard,id-MY,far,fardu,KVK/KVK_far.mp3,already-present
KVK,fas,standard,id-MY,fas,nafas,KVK/KVK_fas.mp3,already-present
KVK,fat,standard,id-MY,fat,fatwa,KVK/KVK_fat.mp3,already-present
KVK,fek,e-pepet,hi,फ़क,efektif,KVK/KVK_fek_e-pepet.mp3,generated
KVK,fek,e-taling,id-MY,fehk,efektif,KVK/KVK_fek_e-taling.mp3,already-present
KVK,fel,e-pepet,hi,फ़ल,rifel,KVK/KVK_fel_e-pepet.mp3,generated
KVK,fel,e-taling,id-MY,fehl,rifel,KVK/KVK_fel_e-taling.mp3,already-present
KVK,fen,e-pepet,hi,फ़न,defendan,KVK/KVK_fen_e-pepet.mp3,generated
KVK,fen,e-taling,id-MY,fehn,defendan,KVK/KVK_fen_e-taling.mp3,already-present
KVK,fer,e-pepet,hi,फ़र,konifer,KVK/KVK_fer_e-pepet.mp3,generated
KVK,fer,e-taling,id-MY,fehr,konifer,KVK/KVK_fer_e-taling.mp3,already-present
KVK,fes,e-pepet,hi,फ़स,festival,KVK/KVK_fes_e-pepet.mp3,generated
KVK,fes,e-taling,id-MY,fehs,festival,KVK/KVK_fes_e-taling.mp3,already-present
KVK,fet,e-pepet,hi,फ़त,bufet,KVK/KVK_fet_e-pepet.mp3,generated
KVK,fet,e-taling,id-MY,feht,bufet,KVK/KVK_fet_e-taling.mp3,already-present
KVK,fih,standard,id-MY,fih,safih,KVK/KVK_fih.mp3,already-present
KVK,fik,standard,id-MY,fik,grafik,KVK/KVK_fik.mp3,already-present
KVK,fil,standard,id-MY,fil,profil,KVK/KVK_fil.mp3,already-present
KVK,fin,standard,id-MY,fin,arifin,KVK/KVK_fin.mp3,already-present
KVK,fir,standard,id-MY,fir,firdaus,KVK/KVK_fir.mp3,already-present
KVK,fis,standard,id-MY,fis,fiskal,KVK/KVK_fis.mp3,already-present
KVK,fit,standard,id-MY,fit,fitnah,KVK/KVK_fit.mp3,already-present
KVK,fon,standard,id-MY,fon,gramofon,KVK/KVK_fon.mp3,already-present
KVK,for,standard,id-MY,for,formal,KVK/KVK_for.mp3,already-present
KVK,fos,standard,id-MY,fos,fosfat,KVK/KVK_fos.mp3,already-present
KVK,fuk,standard,id-MY,fuk,tawafuk,KVK/KVK_fuk.mp3,already-present
KVK,ful,standard,id-MY,ful,takaful,KVK/KVK_ful.mp3,already-present
KVK,fun,standard,id-MY,fun,fundamental,KVK/KVK_fun.mp3,already-present
KVK,fur,standard,id-MY,fur,furlong,KVK/KVK_fur.mp3,already-present
KVK,fus,standard,id-MY,fus,fusta,KVK/KVK_fus.mp3,already-present
KVK,fut,standard,id-MY,fut,futsal,KVK/KVK_fut.mp3,already-present
KVK,gah,standard,id-MY,gah,agah,KVK/KVK_gah.mp3,already-present
KVK,gak,standard,id-MY,gak,agak,KVK/KVK_gak.mp3,already-present
KVK,gal,standard,id-MY,gal,agal,KVK/KVK_gal.mp3,already-present
KVK,gam,standard,id-MY,gam,agam,KVK/KVK_gam.mp3,already-present
KVK,gan,standard,id-MY,gan,adegan,KVK/KVK_gan.mp3,already-present
KVK,gap,standard,id-MY,gap,bedegap,KVK/KVK_gap.mp3,already-present
KVK,gar,standard,id-MY,gar,agar,KVK/KVK_gar.mp3,already-present
KVK,gas,standard,id-MY,gas,agas,KVK/KVK_gas.mp3,already-present
KVK,gat,standard,id-MY,gat,agregat,KVK/KVK_gat.mp3,already-present
KVK,geh,e-pepet,hi,गह,hegeh,KVK/KVK_geh_e-pepet.mp3,generated
KVK,geh,e-taling,id-MY,gehh,hegeh,KVK/KVK_geh_e-taling.mp3,already-present
KVK,gek,e-pepet,hi,गक,regek,KVK/KVK_gek_e-pepet.mp3,generated
KVK,gek,e-taling,id-MY,gehk,regek,KVK/KVK_gek_e-taling.mp3,already-present
KVK,gel,e-pepet,hi,गल,bogel,KVK/KVK_gel_e-pepet.mp3,generated
KVK,gel,e-taling,id-MY,gehl,bogel,KVK/KVK_gel_e-taling.mp3,already-present
KVK,gem,e-pepet,hi,गम,bogem,KVK/KVK_gem_e-pepet.mp3,generated
KVK,gem,e-taling,id-MY,gehm,bogem,KVK/KVK_gem_e-taling.mp3,already-present
KVK,gen,e-pepet,hi,गन,agen,KVK/KVK_gen_e-pepet.mp3,generated
KVK,gen,e-taling,id-MY,gehn,agen,KVK/KVK_gen_e-taling.mp3,already-present
KVK,ger,e-pepet,hi,गर,doger,KVK/KVK_ger_e-pepet.mp3,generated
KVK,ger,e-taling,id-MY,gehr,doger,KVK/KVK_ger_e-taling.mp3,already-present
KVK,get,e-pepet,hi,गत,joget,KVK/KVK_get_e-pepet.mp3,generated
KVK,get,e-taling,id-MY,geht,joget,KVK/KVK_get_e-taling.mp3,already-present
KVK,gih,standard,id-MY,gih,agih,KVK/KVK_gih.mp3,already-present
KVK,gik,standard,id-MY,gik,gerigik,KVK/KVK_gik.mp3,already-present
KVK,gil,standard,id-MY,gil,degil,KVK/KVK_gil.mp3,already-present
KVK,gim,standard,id-MY,gim,gimnasium,KVK/KVK_gim.mp3,already-present
KVK,gin,standard,id-MY,gin,baginya,KVK/KVK_gin.mp3,already-present
KVK,gip,standard,id-MY,gip,gipsi,KVK/KVK_gip.mp3,already-present
KVK,gir,standard,id-MY,gir,geligir,KVK/KVK_gir.mp3,already-present
KVK,gis,standard,id-MY,gis,bagis,KVK/KVK_gis.mp3,already-present
KVK,git,standard,id-MY,git,digit,KVK/KVK_git.mp3,already-present
KVK,goh,standard,id-MY,goh,goh,KVK/KVK_goh.mp3,already-present
KVK,gok,standard,id-MY,gok,gelogok,KVK/KVK_gok.mp3,already-present
KVK,gol,standard,id-MY,gol,begol,KVK/KVK_gol.mp3,already-present
KVK,gom,standard,id-MY,gom,gomba,KVK/KVK_gom.mp3,already-present
KVK,gon,standard,id-MY,gon,goncang,KVK/KVK_gon.mp3,already-present
KVK,gor,standard,id-MY,gor,bagor,KVK/KVK_gor.mp3,already-present
KVK,gos,standard,id-MY,gos,ogos,KVK/KVK_gos.mp3,already-present
KVK,got,standard,id-MY,got,bogot,KVK/KVK_got.mp3,already-present
KVK,guh,standard,id-MY,guh,baguh,KVK/KVK_guh.mp3,already-present
KVK,guk,standard,id-MY,guk,aguk,KVK/KVK_guk.mp3,already-present
KVK,gul,standard,id-MY,gul,agul,KVK/KVK_gul.mp3,already-present
KVK,gum,standard,id-MY,gum,degum,KVK/KVK_gum.mp3,already-present
KVK,gun,standard,id-MY,gun,agun,KVK/KVK_gun.mp3,already-present
KVK,gup,standard,id-MY,gup,degup,KVK/KVK_gup.mp3,already-present
KVK,gur,standard,id-MY,gur,bagur,KVK/KVK_gur.mp3,already-present
KVK,gus,standard,id-MY,gus,agus,KVK/KVK_gus.mp3,already-present
KVK,gut,standard,id-MY,gut,agut,KVK/KVK_gut.mp3,already-present
KVK,hah,standard,id-MY,hah,fatahah,KVK/KVK_hah.mp3,already-present
KVK,hak,standard,id-MY,hak,bahak,KVK/KVK_hak.mp3,already-present
KVK,hal,standard,id-MY,hal,apahal,KVK/KVK_hal.mp3,already-present
KVK,ham,standard,id-MY,ham,baham,KVK/KVK_ham.mp3,already-present
KVK,han,standard,id-MY,han,acahan,KVK/KVK_han.mp3,already-present
KVK,hap,standard,id-MY,hap,jerahap,KVK/KVK_hap.mp3,already-present
KVK,har,standard,id-MY,har,amirulbahar,KVK/KVK_har.mp3,already-present
KVK,has,standard,id-MY,has,bahas,KVK/KVK_has.mp3,already-present
KVK,hat,standard,id-MY,hat,hatrik,KVK/KVK_hat.mp3,already-present
KVK,hek,e-pepet,hi,हक,hektar,KVK/KVK_hek_e-pepet.mp3,generated
KVK,hek,e-taling,id-MY,hehk,hektar,KVK/KVK_hek_e-taling.mp3,already-present
KVK,hel,e-pepet,hi,हल,kehel,KVK/KVK_hel_e-pepet.mp3,generated
KVK,hel,e-taling,id-MY,hehl,kehel,KVK/KVK_hel_e-taling.mp3,already-present
KVK,hem,e-pepet,hi,हम,ahem,KVK/KVK_hem_e-pepet.mp3,generated
KVK,hem,e-taling,id-MY,hehm,ahem,KVK/KVK_hem_e-taling.mp3,already-present
KVK,hen,e-pepet,hi,हन,hendak,KVK/KVK_hen_e-pepet.mp3,generated
KVK,hen,e-taling,id-MY,hehn,hendak,KVK/KVK_hen_e-taling.mp3,already-present
KVK,her,e-pepet,hi,हर,herba,KVK/KVK_her_e-pepet.mp3,generated
KVK,her,e-taling,id-MY,hehr,herba,KVK/KVK_her_e-taling.mp3,already-present
KVK,hih,standard,id-MY,hih,sahih,KVK/KVK_hih.mp3,already-present
KVK,hik,standard,id-MY,hik,hikmah,KVK/KVK_hik.mp3,already-present
KVK,hil,standard,id-MY,hil,jahil,KVK/KVK_hil.mp3,already-present
KVK,him,standard,id-MY,him,himbau,KVK/KVK_him.mp3,already-present
KVK,hin,standard,id-MY,hin,hincut,KVK/KVK_hin.mp3,already-present
KVK,hip,standard,id-MY,hip,hipsometer,KVK/KVK_hip.mp3,already-present
KVK,hir,standard,id-MY,hir,lahir,KVK/KVK_hir.mp3,already-present
KVK,his,standard,id-MY,his,alaihissalam,KVK/KVK_his.mp3,already-present
KVK,hit,standard,id-MY,hit,jahit,KVK/KVK_hit.mp3,already-present
KVK,hok,standard,id-MY,hok,dohok,KVK/KVK_hok.mp3,already-present
KVK,hol,standard,id-MY,hol,alkohol,KVK/KVK_hol.mp3,already-present
KVK,hon,standard,id-MY,hon,dibohongi,KVK/KVK_hon.mp3,already-present
KVK,hor,standard,id-MY,hor,hormat,KVK/KVK_hor.mp3,already-present
KVK,hos,standard,id-MY,hos,hospital,KVK/KVK_hos.mp3,already-present
KVK,huk,standard,id-MY,huk,buhuk,KVK/KVK_huk.mp3,already-present
KVK,hul,standard,id-MY,hul,buhul,KVK/KVK_hul.mp3,already-present
KVK,hum,standard,id-MY,hum,allahumma,KVK/KVK_hum.mp3,already-present
KVK,hun,standard,id-MY,hun,bihun,KVK/KVK_hun.mp3,already-present
KVK,hur,standard,id-MY,hur,landahur,KVK/KVK_hur.mp3,already-present
KVK,hus,standard,id-MY,hus,tafahus,KVK/KVK_hus.mp3,already-present
KVK,hut,standard,id-MY,hut,sahut,KVK/KVK_hut.mp3,already-present
KVK,jah,standard,id-MY,jah,gajah,KVK/KVK_jah.mp3,already-present
KVK,jak,standard,id-MY,jak,ajak,KVK/KVK_jak.mp3,already-present
KVK,jal,standard,id-MY,jal,ajal,KVK/KVK_jal.mp3,already-present
KVK,jam,standard,id-MY,jam,ajam,KVK/KVK_jam.mp3,already-present
KVK,jan,standard,id-MY,jan,ajan,KVK/KVK_jan.mp3,already-present
KVK,jap,standard,id-MY,jap,jap,KVK/KVK_jap.mp3,already-present
KVK,jar,standard,id-MY,jar,ajar,KVK/KVK_jar.mp3,already-present
KVK,jas,standard,id-MY,jas,ijas,KVK/KVK_jas.mp3,already-present
KVK,jat,standard,id-MY,jat,bejat,KVK/KVK_jat.mp3,already-present
KVK,jeh,e-pepet,hi,जह,ajeh,KVK/KVK_jeh_e-pepet.mp3,generated
KVK,jeh,e-taling,id-MY,jehh,ajeh,KVK/KVK_jeh_e-taling.mp3,already-present
KVK,jek,e-pepet,hi,जक,ajek,KVK/KVK_jek_e-pepet.mp3,generated
KVK,jek,e-taling,id-MY,jehk,ajek,KVK/KVK_jek_e-taling.mp3,already-present
KVK,jel,e-pepet,hi,जल,jel,KVK/KVK_jel_e-pepet.mp3,generated
KVK,jel,e-taling,id-MY,jehl,jel,KVK/KVK_jel_e-taling.mp3,already-present
KVK,jem,e-pepet,hi,जम,jem,KVK/KVK_jem_e-pepet.mp3,generated
KVK,jem,e-taling,id-MY,jehm,jem,KVK/KVK_jem_e-taling.mp3,already-present
KVK,jen,e-pepet,hi,जन,ajengan,KVK/KVK_jen_e-pepet.mp3,generated
KVK,jen,e-taling,id-MY,jehn,ajengan,KVK/KVK_jen_e-taling.mp3,already-present
KVK,jer,e-pepet,hi,जर,jejer,KVK/KVK_jer_e-pepet.mp3,generated
KVK,jer,e-taling,id-MY,jehr,jejer,KVK/KVK_jer_e-taling.mp3,already-present
KVK,jet,e-pepet,hi,जत,bajet,KVK/KVK_jet_e-pepet.mp3,generated
KVK,jet,e-taling,id-MY,jeht,bajet,KVK/KVK_jet_e-taling.mp3,already-present
KVK,jih,standard,id-MY,jih,bijih,KVK/KVK_jih.mp3,already-present
KVK,jik,standard,id-MY,jik,bajik,KVK/KVK_jik.mp3,already-present
KVK,jil,standard,id-MY,jil,kijil,KVK/KVK_jil.mp3,already-present
KVK,jim,standard,id-MY,jim,hajim,KVK/KVK_jim.mp3,already-present
KVK,jin,standard,id-MY,jin,bijinya,KVK/KVK_jin.mp3,already-present
KVK,jip,standard,id-MY,jip,jip,KVK/KVK_jip.mp3,already-present
KVK,jir,standard,id-MY,jir,ajir,KVK/KVK_jir.mp3,already-present
KVK,jis,standard,id-MY,jis,najis,KVK/KVK_jis.mp3,already-present
KVK,jit,standard,id-MY,jit,jerijit,KVK/KVK_jit.mp3,already-present
KVK,joh,standard,id-MY,joh,gelojoh,KVK/KVK_joh.mp3,already-present
KVK,jok,standard,id-MY,jok,pojok,KVK/KVK_jok.mp3,already-present
KVK,jol,standard,id-MY,jol,jerojol,KVK/KVK_jol.mp3,already-present
KVK,jom,standard,id-MY,jom,jompak,KVK/KVK_jom.mp3,already-present
KVK,jon,standard,id-MY,jon,jongang,KVK/KVK_jon.mp3,already-present
KVK,juh,standard,id-MY,juh,jujuh,KVK/KVK_juh.mp3,already-present
KVK,juk,standard,id-MY,juk,adisejuk,KVK/KVK_juk.mp3,already-present
KVK,jul,standard,id-MY,jul,bajul,KVK/KVK_jul.mp3,already-present
KVK,jum,standard,id-MY,jum,jumbai,KVK/KVK_jum.mp3,already-present
KVK,jun,standard,id-MY,jun,ajun,KVK/KVK_jun.mp3,already-present
KVK,jur,standard,id-MY,jur,belujur,KVK/KVK_jur.mp3,already-present
KVK,jus,standard,id-MY,jus,gajus,KVK/KVK_jus.mp3,already-present
KVK,jut,standard,id-MY,jut,jujut,KVK/KVK_jut.mp3,already-present
KVK,kah,standard,id-MY,kah,akadnikahkan,KVK/KVK_kah.mp3,already-present
KVK,kak,standard,id-MY,kak,akak,KVK/KVK_kak.mp3,already-present
KVK,kal,standard,id-MY,kal,akal,KVK/KVK_kal.mp3,already-present
KVK,kam,standard,id-MY,kam,bakam,KVK/KVK_kam.mp3,already-present
KVK,kan,standard,id-MY,kan,abadikan,KVK/KVK_kan.mp3,already-present
KVK,kap,standard,id-MY,kap,bakap,KVK/KVK_kap.mp3,already-present
KVK,kar,standard,id-MY,kar,akar,KVK/KVK_kar.mp3,already-present
KVK,kas,standard,id-MY,kas,bekas,KVK/KVK_kas.mp3,already-present
KVK,kat,standard,id-MY,kat,advokat,KVK/KVK_kat.mp3,already-present
KVK,keh,e-pepet,hi,कह,bokeh,KVK/KVK_keh_e-pepet.mp3,generated
KVK,keh,e-taling,id-MY,kehh,bokeh,KVK/KVK_keh_e-taling.mp3,already-present
KVK,kek,e-pepet,hi,कक,belekek,KVK/KVK_kek_e-pepet.mp3,generated
KVK,kek,e-taling,id-MY,kehk,belekek,KVK/KVK_kek_e-taling.mp3,already-present
KVK,kel,e-pepet,hi,कल,artikel,KVK/KVK_kel_e-pepet.mp3,generated
KVK,kel,e-taling,id-MY,kehl,artikel,KVK/KVK_kel_e-taling.mp3,already-present
KVK,kem,e-pepet,hi,कम,kem,KVK/KVK_kem_e-pepet.mp3,generated
KVK,kem,e-taling,id-MY,kehm,kem,KVK/KVK_kem_e-taling.mp3,already-present
KVK,ken,e-pepet,hi,कन,anteken,KVK/KVK_ken_e-pepet.mp3,generated
KVK,ken,e-taling,id-MY,kehn,anteken,KVK/KVK_ken_e-taling.mp3,already-present
KVK,kep,e-pepet,hi,कप,keprak,KVK/KVK_kep_e-pepet.mp3,generated
KVK,kep,e-taling,id-MY,kehp,keprak,KVK/KVK_kep_e-taling.mp3,already-present
KVK,ker,e-pepet,hi,कर,beker,KVK/KVK_ker_e-pepet.mp3,generated
KVK,ker,e-taling,id-MY,kehr,beker,KVK/KVK_ker_e-taling.mp3,already-present
KVK,kes,e-pepet,hi,कस,kes,KVK/KVK_kes_e-pepet.mp3,generated
KVK,kes,e-taling,id-MY,kehs,kes,KVK/KVK_kes_e-taling.mp3,already-present
KVK,ket,e-pepet,hi,कत,boket,KVK/KVK_ket_e-pepet.mp3,generated
KVK,ket,e-taling,id-MY,keht,boket,KVK/KVK_ket_e-taling.mp3,already-present
KVK,kih,standard,id-MY,kih,cekih,KVK/KVK_kih.mp3,already-present
KVK,kik,standard,id-MY,kik,bakik,KVK/KVK_kik.mp3,already-present
KVK,kil,standard,id-MY,kil,akil,KVK/KVK_kil.mp3,already-present
KVK,kim,standard,id-MY,kim,hakim,KVK/KVK_kim.mp3,already-present
KVK,kin,standard,id-MY,kin,asyikin,KVK/KVK_kin.mp3,already-present
KVK,kip,standard,id-MY,kip,kip,KVK/KVK_kip.mp3,already-present
KVK,kir,standard,id-MY,kir,bakir,KVK/KVK_kir.mp3,already-present
KVK,kis,standard,id-MY,kis,hakis,KVK/KVK_kis.mp3,already-present
KVK,kit,standard,id-MY,kit,akit,KVK/KVK_kit.mp3,already-present
KVK,koh,standard,id-MY,koh,bokoh,KVK/KVK_koh.mp3,already-present
KVK,kok,standard,id-MY,kok,becokok,KVK/KVK_kok.mp3,already-present
KVK,kol,standard,id-MY,kol,kokol,KVK/KVK_kol.mp3,already-present
KVK,kom,standard,id-MY,kom,kombat,KVK/KVK_kom.mp3,already-present
KVK,kon,standard,id-MY,kon,ikon,KVK/KVK_kon.mp3,already-present
KVK,kop,standard,id-MY,kop,bokop,KVK/KVK_kop.mp3,already-present
KVK,kor,standard,id-MY,kor,akordion,KVK/KVK_kor.mp3,already-present
KVK,kos,standard,id-MY,kos,glukos,KVK/KVK_kos.mp3,already-present
KVK,kot,standard,id-MY,kot,aprikot,KVK/KVK_kot.mp3,already-present
KVK,kuh,standard,id-MY,kuh,bakuh,KVK/KVK_kuh.mp3,already-present
KVK,kuk,standard,id-MY,kuk,akuk,KVK/KVK_kuk.mp3,already-present
KVK,kul,standard,id-MY,kul,akuakultur,KVK/KVK_kul.mp3,already-present
KVK,kum,standard,id-MY,kum,alaikum,KVK/KVK_kum.mp3,already-present
KVK,kun,standard,id-MY,kun,bukunya,KVK/KVK_kun.mp3,already-present
KVK,kup,standard,id-MY,kup,bakup,KVK/KVK_kup.mp3,already-present
KVK,kur,standard,id-MY,kur,akur,KVK/KVK_kur.mp3,already-present
KVK,kus,standard,id-MY,kus,akademikus,KVK/KVK_kus.mp3,already-present
KVK,kut,standard,id-MY,kut,akut,KVK/KVK_kut.mp3,already-present
KVK,lah,standard,id-MY,lah,abilah,KVK/KVK_lah.mp3,already-present
KVK,lak,standard,id-MY,lak,alak,KVK/KVK_lak.mp3,already-present
KVK,lal,standard,id-MY,lal,bilal,KVK/KVK_lal.mp3,already-present
KVK,lam,standard,id-MY,lam,alaihissalam,KVK/KVK_lam.mp3,already-present
KVK,lan,standard,id-MY,lan,pengadilan,KVK/KVK_lan.mp3,already-present
KVK,lap,standard,id-MY,lap,alap,KVK/KVK_lap.mp3,already-present
KVK,lar,standard,id-MY,lar,alar,KVK/KVK_lar.mp3,already-present
KVK,las,standard,id-MY,las,alas,KVK/KVK_las.mp3,already-present
KVK,lat,standard,id-MY,lat,adalat,KVK/KVK_lat.mp3,already-present
KVK,leh,e-pepet,hi,लह,beleh,KVK/KVK_leh_e-pepet.mp3,generated
KVK,leh,e-taling,id-MY,lehh,beleh,KVK/KVK_leh_e-taling.mp3,already-present
KVK,lek,e-pepet,hi,लक,belek,KVK/KVK_lek_e-pepet.mp3,generated
KVK,lek,e-taling,id-MY,lehk,belek,KVK/KVK_lek_e-taling.mp3,already-present
KVK,lel,e-pepet,hi,लल,paralel,KVK/KVK_lel_e-pepet.mp3,generated
KVK,lel,e-taling,id-MY,lehl,paralel,KVK/KVK_lel_e-taling.mp3,already-present
KVK,lem,e-pepet,hi,लम,alem,KVK/KVK_lem_e-pepet.mp3,generated
KVK,lem,e-taling,id-MY,lehm,alem,KVK/KVK_lem_e-taling.mp3,already-present
KVK,len,e-pepet,hi,लन,ambivalen,KVK/KVK_len_e-pepet.mp3,generated
KVK,len,e-taling,id-MY,lehn,ambivalen,KVK/KVK_len_e-taling.mp3,already-present
KVK,lep,e-pepet,hi,लप,teleprinter,KVK/KVK_lep_e-pepet.mp3,generated
KVK,lep,e-taling,id-MY,lehp,teleprinter,KVK/KVK_lep_e-taling.mp3,already-present
KVK,ler,e-pepet,hi,लर,alergi,KVK/KVK_ler_e-pepet.mp3,generated
KVK,ler,e-taling,id-MY,lehr,alergi,KVK/KVK_ler_e-taling.mp3,already-present
KVK,les,e-pepet,hi,लस,ambeles,KVK/KVK_les_e-pepet.mp3,generated
KVK,les,e-taling,id-MY,lehs,ambeles,KVK/KVK_les_e-taling.mp3,already-present
KVK,let,e-pepet,hi,लत,balet,KVK/KVK_let_e-pepet.mp3,generated
KVK,let,e-taling,id-MY,leht,balet,KVK/KVK_let_e-taling.mp3,already-present
KVK,lih,standard,id-MY,lih,alih,KVK/KVK_lih.mp3,already-present
KVK,lik,standard,id-MY,lik,akrilik,KVK/KVK_lik.mp3,already-present
KVK,lil,standard,id-MY,lil,alhamdulillah,KVK/KVK_lil.mp3,already-present
KVK,lim,standard,id-MY,lim,alim,KVK/KVK_lim.mp3,already-present
KVK,lin,standard,id-MY,lin,adrenalin,KVK/KVK_lin.mp3,already-present
KVK,lip,standard,id-MY,lip,alip,KVK/KVK_lip.mp3,already-present
KVK,lir,standard,id-MY,lir,alir,KVK/KVK_lir.mp3,already-present
KVK,lis,standard,id-MY,lis,alatulis,KVK/KVK_lis.mp3,already-present
KVK,lit,standard,id-MY,lit,alit,KVK/KVK_lit.mp3,already-present
KVK,loh,standard,id-MY,loh,beloh,KVK/KVK_loh.mp3,already-present
KVK,lok,standard,id-MY,lok,balok,KVK/KVK_lok.mp3,already-present
KVK,lol,standard,id-MY,lol,tolol,KVK/KVK_lol.mp3,already-present
KVK,lom,standard,id-MY,lom,belom,KVK/KVK_lom.mp3,already-present
KVK,lon,standard,id-MY,lon,alon,KVK/KVK_lon.mp3,already-present
KVK,lop,standard,id-MY,lop,lop,KVK/KVK_lop.mp3,already-present
KVK,lor,standard,id-MY,lor,bolor,KVK/KVK_lor.mp3,already-present
KVK,los,standard,id-MY,los,bolos,KVK/KVK_los.mp3,already-present
KVK,lot,standard,id-MY,lot,alot,KVK/KVK_lot.mp3,already-present
KVK,luh,standard,id-MY,luh,baluh,KVK/KVK_luh.mp3,already-present
KVK,luk,standard,id-MY,luk,baluk,KVK/KVK_luk.mp3,already-present
KVK,lul,standard,id-MY,lul,khalilullah,KVK/KVK_lul.mp3,already-present
KVK,lum,standard,id-MY,lum,alum,KVK/KVK_lum.mp3,already-present
KVK,lun,standard,id-MY,lun,almalun,KVK/KVK_lun.mp3,already-present
KVK,lup,standard,id-MY,lup,celup,KVK/KVK_lup.mp3,already-present
KVK,lur,standard,id-MY,lur,alur,KVK/KVK_lur.mp3,already-present
KVK,lus,standard,id-MY,lus,alusmitai,KVK/KVK_lus.mp3,already-present
KVK,lut,standard,id-MY,lut,balut,KVK/KVK_lut.mp3,already-present
KVK,mah,standard,id-MY,mah,allahyarhamah,KVK/KVK_mah.mp3,already-present
KVK,mak,standard,id-MY,mak,alamak,KVK/KVK_mak.mp3,already-present
KVK,mal,standard,id-MY,mal,amal,KVK/KVK_mal.mp3,already-present
KVK,mam,standard,id-MY,mam,cemamping,KVK/KVK_mam.mp3,already-present
KVK,man,standard,id-MY,man,acuman,KVK/KVK_man.mp3,already-present
KVK,map,standard,id-MY,map,demap,KVK/KVK_map.mp3,already-present
KVK,mar,standard,id-MY,mar,alamar,KVK/KVK_mar.mp3,already-present
KVK,mas,standard,id-MY,mas,alamas,KVK/KVK_mas.mp3,already-present
KVK,mat,standard,id-MY,mat,alamat,KVK/KVK_mat.mp3,already-present
KVK,meh,e-pepet,hi,मह,cemeh,KVK/KVK_meh_e-pepet.mp3,generated
KVK,meh,e-taling,id-MY,mehh,cemeh,KVK/KVK_meh_e-taling.mp3,already-present
KVK,mek,e-pepet,hi,मक,cemek,KVK/KVK_mek_e-pepet.mp3,generated
KVK,mek,e-taling,id-MY,mehk,cemek,KVK/KVK_mek_e-taling.mp3,already-present
KVK,mel,e-pepet,hi,मल,comel,KVK/KVK_mel_e-pepet.mp3,generated
KVK,mel,e-taling,id-MY,mehl,comel,KVK/KVK_mel_e-taling.mp3,already-present
KVK,mem,e-pepet,hi,मम,memperadapkan,KVK/KVK_mem_e-pepet.mp3,generated
KVK,mem,e-taling,id-MY,mehm,memperadapkan,KVK/KVK_mem_e-taling.mp3,already-present
KVK,men,e-pepet,hi,मन,mengabah,KVK/KVK_men_e-pepet.mp3,generated
KVK,men,e-taling,id-MY,mehn,mengabah,KVK/KVK_men_e-taling.mp3,already-present
KVK,mer,e-pepet,hi,मर,anemer,KVK/KVK_mer_e-pepet.mp3,generated
KVK,mer,e-taling,id-MY,mehr,anemer,KVK/KVK_mer_e-taling.mp3,already-present
KVK,mes,e-pepet,hi,मस,celomes,KVK/KVK_mes_e-pepet.mp3,generated
KVK,mes,e-taling,id-MY,mehs,celomes,KVK/KVK_mes_e-taling.mp3,already-present
KVK,met,e-pepet,hi,मत,asimetri,KVK/KVK_met_e-pepet.mp3,generated
KVK,met,e-taling,id-MY,meht,asimetri,KVK/KVK_met_e-taling.mp3,already-present
KVK,mih,standard,id-MY,mih,kemih,KVK/KVK_mih.mp3,already-present
KVK,mik,standard,id-MY,mik,aerodinamik,KVK/KVK_mik.mp3,already-present
KVK,mil,standard,id-MY,mil,amil,KVK/KVK_mil.mp3,already-present
KVK,mim,standard,id-MY,mim,mimbar,KVK/KVK_mim.mp3,already-present
KVK,min,standard,id-MY,min,alamin,KVK/KVK_min.mp3,already-present
KVK,mir,standard,id-MY,mir,amir,KVK/KVK_mir.mp3,already-present
KVK,mis,standard,id-MY,mis,akademis,KVK/KVK_mis.mp3,already-present
KVK,mit,standard,id-MY,mit,amit,KVK/KVK_mit.mp3,already-present
KVK,moh,standard,id-MY,moh,bomoh,KVK/KVK_moh.mp3,already-present
KVK,mok,standard,id-MY,mok,celomok,KVK/KVK_mok.mp3,already-present
KVK,mol,standard,id-MY,mol,domol,KVK/KVK_mol.mp3,already-present
KVK,mon,standard,id-MY,mon,lemon,KVK/KVK_mon.mp3,already-present
KVK,mor,standard,id-MY,mor,amor,KVK/KVK_mor.mp3,already-present
KVK,mos,standard,id-MY,mos,remos,KVK/KVK_mos.mp3,already-present
KVK,mot,standard,id-MY,mot,cemomot,KVK/KVK_mot.mp3,already-present
KVK,muh,standard,id-MY,muh,amuh,KVK/KVK_muh.mp3,already-present
KVK,muk,standard,id-MY,muk,amuk,KVK/KVK_muk.mp3,already-present
KVK,mul,standard,id-MY,mul,mulhid,KVK/KVK_mul.mp3,already-present
KVK,mum,standard,id-MY,mum,maksimum,KVK/KVK_mum.mp3,already-present
KVK,mun,standard,id-MY,mun,gelimun,KVK/KVK_mun.mp3,already-present
KVK,mur,standard,id-MY,mur,camur,KVK/KVK_mur.mp3,already-present
KVK,mus,standard,id-MY,mus,cemus,KVK/KVK_mus.mp3,already-present
KVK,mut,standard,id-MY,mut,azimut,KVK/KVK_mut.mp3,already-present
KVK,nah,standard,id-MY,nah,amanah,KVK/KVK_nah.mp3,already-present
KVK,nak,standard,id-MY,nak,almanak,KVK/KVK_nak.mp3,already-present
KVK,nal,standard,id-MY,nal,adrenal,KVK/KVK_nal.mp3,already-present
KVK,nam,standard,id-MY,nam,benam,KVK/KVK_nam.mp3,already-present
KVK,nan,standard,id-MY,nan,adunan,KVK/KVK_nan.mp3,already-present
KVK,nap,standard,id-MY,nap,enap,KVK/KVK_nap.mp3,already-present
KVK,nar,standard,id-MY,nar,amtenar,KVK/KVK_nar.mp3,already-present
KVK,nas,standard,id-MY,nas,ananas,KVK/KVK_nas.mp3,already-present
KVK,nat,standard,id-MY,nat,ainulbanat,KVK/KVK_nat.mp3,already-present
KVK,neh,e-pepet,hi,नह,aneh,KVK/KVK_neh_e-pepet.mp3,generated
KVK,neh,e-taling,id-MY,nehh,aneh,KVK/KVK_neh_e-taling.mp3,already-present
KVK,nek,e-pepet,hi,नक,anekdot,KVK/KVK_nek_e-pepet.mp3,generated
KVK,nek,e-taling,id-MY,nehk,anekdot,KVK/KVK_nek_e-taling.mp3,already-present
KVK,nel,e-pepet,hi,नल,kolonel,KVK/KVK_nel_e-pepet.mp3,generated
KVK,nel,e-taling,id-MY,nehl,kolonel,KVK/KVK_nel_e-taling.mp3,already-present
KVK,nem,e-pepet,hi,नम,fonem,KVK/KVK_nem_e-pepet.mp3,generated
KVK,nem,e-taling,id-MY,nehm,fonem,KVK/KVK_nem_e-taling.mp3,already-present
KVK,nen,e-pepet,hi,नन,eksponen,KVK/KVK_nen_e-pepet.mp3,generated
KVK,nen,e-taling,id-MY,nehn,eksponen,KVK/KVK_nen_e-taling.mp3,already-present
KVK,ner,e-pepet,hi,नर,koroner,KVK/KVK_ner_e-pepet.mp3,generated
KVK,ner,e-taling,id-MY,nehr,koroner,KVK/KVK_ner_e-taling.mp3,already-present
KVK,nes,e-pepet,hi,नस,anestesia,KVK/KVK_nes_e-pepet.mp3,generated
KVK,nes,e-taling,id-MY,nehs,anestesia,KVK/KVK_nes_e-taling.mp3,already-present
KVK,net,e-pepet,hi,नत,bayonet,KVK/KVK_net_e-pepet.mp3,generated
KVK,net,e-taling,id-MY,neht,bayonet,KVK/KVK_net_e-taling.mp3,already-present
KVK,nih,standard,id-MY,nih,benih,KVK/KVK_nih.mp3,already-present
KVK,nik,standard,id-MY,nik,arsenik,KVK/KVK_nik.mp3,already-present
KVK,nil,standard,id-MY,nil,tonil,KVK/KVK_nil.mp3,already-present
KVK,nim,standard,id-MY,nim,akronim,KVK/KVK_nim.mp3,already-present
KVK,nin,standard,id-MY,nin,amirulmukminin,KVK/KVK_nin.mp3,already-present
KVK,nir,standard,id-MY,nir,banir,KVK/KVK_nir.mp3,already-present
KVK,nis,standard,id-MY,nis,amerikanisme,KVK/KVK_nis.mp3,already-present
KVK,nit,standard,id-MY,nit,aragonit,KVK/KVK_nit.mp3,already-present
KVK,noh,standard,id-MY,noh,senonoh,KVK/KVK_noh.mp3,already-present
KVK,nok,standard,id-MY,nok,anok,KVK/KVK_nok.mp3,already-present
KVK,nol,standard,id-MY,nol,fenol,KVK/KVK_nol.mp3,already-present
KVK,nom,standard,id-MY,nom,anom,KVK/KVK_nom.mp3,already-present
KVK,non,standard,id-MY,non,konon,KVK/KVK_non.mp3,already-present
KVK,nop,standard,id-MY,nop,sinopsis,KVK/KVK_nop.mp3,already-present
KVK,nor,standard,id-MY,nor,anorkisme,KVK/KVK_nor.mp3,already-present
KVK,nos,standard,id-MY,nos,anosmia,KVK/KVK_nos.mp3,already-present
KVK,not,standard,id-MY,not,cenonot,KVK/KVK_not.mp3,already-present
KVK,nuh,standard,id-MY,nuh,bunuh,KVK/KVK_nuh.mp3,already-present
KVK,nuk,standard,id-MY,nuk,banuk,KVK/KVK_nuk.mp3,already-present
KVK,nul,standard,id-MY,nul,ainulbanat,KVK/KVK_nul.mp3,already-present
KVK,num,standard,id-MY,num,anum,KVK/KVK_num.mp3,already-present
KVK,nun,standard,id-MY,nun,pergunungan,KVK/KVK_nun.mp3,already-present
KVK,nur,standard,id-MY,nur,berdanur,KVK/KVK_nur.mp3,already-present
KVK,nus,standard,id-MY,nus,bonus,KVK/KVK_nus.mp3,already-present
KVK,nut,standard,id-MY,nut,anut,KVK/KVK_nut.mp3,already-present
KVK,pah,standard,id-MY,pah,capah,KVK/KVK_pah.mp3,already-present
KVK,pak,standard,id-MY,pak,bapak,KVK/KVK_pak.mp3,already-present
KVK,pal,standard,id-MY,pal,capal,KVK/KVK_pal.mp3,already-present
KVK,pam,standard,id-MY,pam,apam,KVK/KVK_pam.mp3,already-present
KVK,pan,standard,id-MY,pan,anggapan,KVK/KVK_pan.mp3,already-present
KVK,pap,standard,id-MY,pap,depap,KVK/KVK_pap.mp3,already-present
KVK,par,standard,id-MY,par,antiaparteid,KVK/KVK_par.mp3,already-present
KVK,pas,standard,id-MY,pas,apas,KVK/KVK_pas.mp3,already-present
KVK,pat,standard,id-MY,pat,cepat,KVK/KVK_pat.mp3,already-present
KVK,peh,e-pepet,hi,पह,tepeh,KVK/KVK_peh_e-pepet.mp3,generated
KVK,peh,e-taling,id-MY,pehh,tepeh,KVK/KVK_peh_e-taling.mp3,already-present
KVK,pek,e-pepet,hi,पक,apek,KVK/KVK_pek_e-pepet.mp3,generated
KVK,pek,e-taling,id-MY,pehk,apek,KVK/KVK_pek_e-taling.mp3,already-present
KVK,pel,e-pepet,hi,पल,apel,KVK/KVK_pel_e-pepet.mp3,generated
KVK,pel,e-taling,id-MY,pehl,apel,KVK/KVK_pel_e-taling.mp3,already-present
KVK,pem,e-pepet,hi,पम,pembelajaran,KVK/KVK_pem_e-pepet.mp3,generated
KVK,pem,e-taling,id-MY,pehm,pembelajaran,KVK/KVK_pem_e-taling.mp3,already-present
KVK,pen,e-pepet,hi,पन,pengabadian,KVK/KVK_pen_e-pepet.mp3,generated
KVK,pen,e-taling,id-MY,pehn,pengabadian,KVK/KVK_pen_e-taling.mp3,already-present
KVK,pep,e-pepet,hi,पप,pepsin,KVK/KVK_pep_e-pepet.mp3,generated
KVK,pep,e-taling,id-MY,pehp,pepsin,KVK/KVK_pep_e-taling.mp3,already-present
KVK,per,e-pepet,hi,पर,diperbadan,KVK/KVK_per_e-pepet.mp3,generated
KVK,per,e-taling,id-MY,pehr,diperbadan,KVK/KVK_per_e-taling.mp3,already-present
KVK,pes,e-pepet,hi,पस,gerepes,KVK/KVK_pes_e-pepet.mp3,generated
KVK,pes,e-taling,id-MY,pehs,gerepes,KVK/KVK_pes_e-taling.mp3,already-present
KVK,pet,e-pepet,hi,पत,bapet,KVK/KVK_pet_e-pepet.mp3,generated
KVK,pet,e-taling,id-MY,peht,bapet,KVK/KVK_pet_e-taling.mp3,already-present
KVK,pih,standard,id-MY,pih,lepih,KVK/KVK_pih.mp3,already-present
KVK,pik,standard,id-MY,pik,apik,KVK/KVK_pik.mp3,already-present
KVK,pil,standard,id-MY,pil,capil,KVK/KVK_pil.mp3,already-present
KVK,pim,standard,id-MY,pim,pimpan,KVK/KVK_pim.mp3,already-present
KVK,pin,standard,id-MY,pin,apinya,KVK/KVK_pin.mp3,already-present
KVK,pir,standard,id-MY,pir,kelepir,KVK/KVK_pir.mp3,already-present
KVK,pis,standard,id-MY,pis,aerotropisme,KVK/KVK_pis.mp3,already-present
KVK,pit,standard,id-MY,pit,apit,KVK/KVK_pit.mp3,already-present
KVK,poh,standard,id-MY,poh,gopoh,KVK/KVK_poh.mp3,already-present
KVK,pok,standard,id-MY,pok,episodepok,KVK/KVK_pok.mp3,already-present
KVK,pol,standard,id-MY,pol,ropol,KVK/KVK_pol.mp3,already-present
KVK,pom,standard,id-MY,pom,kepompong,KVK/KVK_pom.mp3,already-present
KVK,pon,standard,id-MY,pon,kupon,KVK/KVK_pon.mp3,already-present
KVK,pop,standard,id-MY,pop,apopleksi,KVK/KVK_pop.mp3,already-present
KVK,por,standard,id-MY,por,lapor,KVK/KVK_por.mp3,already-present
KVK,pos,standard,id-MY,pos,adipos,KVK/KVK_pos.mp3,already-present
KVK,pot,standard,id-MY,pot,depot,KVK/KVK_pot.mp3,already-present
KVK,puh,standard,id-MY,puh,gepuh,KVK/KVK_puh.mp3,already-present
KVK,puk,standard,id-MY,puk,capuk,KVK/KVK_puk.mp3,already-present
KVK,pul,standard,id-MY,pul,kepul,KVK/KVK_pul.mp3,already-present
KVK,pum,standard,id-MY,pum,apum,KVK/KVK_pum.mp3,already-present
KVK,pun,standard,id-MY,pun,adapun,KVK/KVK_pun.mp3,already-present
KVK,pur,standard,id-MY,pur,dapur,KVK/KVK_pur.mp3,already-present
KVK,pus,standard,id-MY,pus,apus,KVK/KVK_pus.mp3,already-present
KVK,put,standard,id-MY,put,hiput,KVK/KVK_put.mp3,already-present
KVK,qah,standard,id-MY,qah,musabaqah,KVK/KVK_qah.mp3,already-present
KVK,qal,standard,id-MY,qal,intiqal,KVK/KVK_qal.mp3,already-present
KVK,rah,standard,id-MY,rah,amarah,KVK/KVK_rah.mp3,already-present
KVK,rak,standard,id-MY,rak,anderak,KVK/KVK_rak.mp3,already-present
KVK,ral,standard,id-MY,ral,admiral,KVK/KVK_ral.mp3,already-present
KVK,ram,standard,id-MY,ram,acaram,KVK/KVK_ram.mp3,already-present
KVK,ran,standard,id-MY,ran,acaranya,KVK/KVK_ran.mp3,already-present
KVK,rap,standard,id-MY,rap,barap,KVK/KVK_rap.mp3,already-present
KVK,rar,standard,id-MY,rar,hierarki,KVK/KVK_rar.mp3,already-present
KVK,ras,standard,id-MY,ras,aras,KVK/KVK_ras.mp3,already-present
KVK,rat,standard,id-MY,rat,adiratna,KVK/KVK_rat.mp3,already-present
KVK,reh,e-pepet,hi,रह,bareh,KVK/KVK_reh_e-pepet.mp3,generated
KVK,reh,e-taling,id-MY,rehh,bareh,KVK/KVK_reh_e-taling.mp3,already-present
KVK,rek,e-pepet,hi,रक,anoreksia,KVK/KVK_rek_e-pepet.mp3,generated
KVK,rek,e-taling,id-MY,rehk,anoreksia,KVK/KVK_rek_e-taling.mp3,already-present
KVK,rel,e-pepet,hi,रल,monorel,KVK/KVK_rel_e-pepet.mp3,generated
KVK,rel,e-taling,id-MY,rehl,monorel,KVK/KVK_rel_e-taling.mp3,already-present
KVK,rem,e-pepet,hi,रम,alarem,KVK/KVK_rem_e-pepet.mp3,generated
KVK,rem,e-taling,id-MY,rehm,alarem,KVK/KVK_rem_e-taling.mp3,already-present
KVK,ren,e-pepet,hi,रन,aren,KVK/KVK_ren_e-pepet.mp3,generated
KVK,ren,e-taling,id-MY,rehn,aren,KVK/KVK_ren_e-taling.mp3,already-present
KVK,rep,e-pepet,hi,रप,replika,KVK/KVK_rep_e-pepet.mp3,generated
KVK,rep,e-taling,id-MY,rehp,replika,KVK/KVK_rep_e-taling.mp3,already-present
KVK,res,e-pepet,hi,रस,alferes,KVK/KVK_res_e-pepet.mp3,generated
KVK,res,e-taling,id-MY,rehs,alferes,KVK/KVK_res_e-taling.mp3,already-present
KVK,ret,e-pepet,hi,रत,baret,KVK/KVK_ret_e-pepet.mp3,generated
KVK,ret,e-taling,id-MY,reht,baret,KVK/KVK_ret_e-taling.mp3,already-present
KVK,rih,standard,id-MY,rih,birih,KVK/KVK_rih.mp3,already-present
KVK,rik,standard,id-MY,rik,amfoterik,KVK/KVK_rik.mp3,already-present
KVK,ril,standard,id-MY,ril,karil,KVK/KVK_ril.mp3,already-present
KVK,rim,standard,id-MY,rim,jirim,KVK/KVK_rim.mp3,already-present
KVK,rin,standard,id-MY,rin,aspirin,KVK/KVK_rin.mp3,already-present
KVK,rip,standard,id-MY,rip,arip,KVK/KVK_rip.mp3,already-present
KVK,rir,standard,id-MY,rir,takarir,KVK/KVK_rir.mp3,already-present
KVK,ris,standard,id-MY,ris,aforisme,KVK/KVK_ris.mp3,already-present
KVK,rit,standard,id-MY,rit,algoritma,KVK/KVK_rit.mp3,already-present
KVK,roh,standard,id-MY,roh,boroh,KVK/KVK_roh.mp3,already-present
KVK,rok,standard,id-MY,rok,berok,KVK/KVK_rok.mp3,already-present
KVK,rol,standard,id-MY,rol,amberol,KVK/KVK_rol.mp3,already-present
KVK,rom,standard,id-MY,rom,arombai,KVK/KVK_rom.mp3,already-present
KVK,ron,standard,id-MY,ron,baron,KVK/KVK_ron.mp3,already-present
KVK,rop,standard,id-MY,rop,kloroplas,KVK/KVK_rop.mp3,already-present
KVK,ros,standard,id-MY,ros,boros,KVK/KVK_ros.mp3,already-present
KVK,rot,standard,id-MY,rot,aerotropisme,KVK/KVK_rot.mp3,already-present
KVK,ruh,standard,id-MY,ruh,aruh,KVK/KVK_ruh.mp3,already-present
KVK,ruk,standard,id-MY,ruk,amberuk,KVK/KVK_ruk.mp3,already-present
KVK,rul,standard,id-MY,rul,amirulbahar,KVK/KVK_rul.mp3,already-present
KVK,rum,standard,id-MY,rum,aurum,KVK/KVK_rum.mp3,already-present
KVK,run,standard,id-MY,run,arun,KVK/KVK_run.mp3,already-present
KVK,rup,standard,id-MY,rup,bairup,KVK/KVK_rup.mp3,already-present
KVK,rur,standard,id-MY,rur,gurur,KVK/KVK_rur.mp3,already-present
KVK,rus,standard,id-MY,rus,arus,KVK/KVK_rus.mp3,already-present
KVK,rut,standard,id-MY,rut,ararut,KVK/KVK_rut.mp3,already-present
KVK,sah,standard,id-MY,sah,alkisah,KVK/KVK_sah.mp3,already-present
KVK,sak,standard,id-MY,sak,asak,KVK/KVK_sak.mp3,already-present
KVK,sal,standard,id-MY,sal,asal,KVK/KVK_sal.mp3,already-present
KVK,sam,standard,id-MY,sam,asam,KVK/KVK_sam.mp3,already-present
KVK,san,standard,id-MY,san,alasan,KVK/KVK_san.mp3,already-present
KVK,sap,standard,id-MY,sap,asap,KVK/KVK_sap.mp3,already-present
KVK,sar,standard,id-MY,sar,asar,KVK/KVK_sar.mp3,already-present
KVK,sas,standard,id-MY,sas,asas,KVK/KVK_sas.mp3,already-present
KVK,sat,standard,id-MY,sat,busat,KVK/KVK_sat.mp3,already-present
KVK,seh,e-pepet,hi,सह,seh,KVK/KVK_seh_e-pepet.mp3,generated
KVK,seh,e-taling,id-MY,sehh,seh,KVK/KVK_seh_e-taling.mp3,already-present
KVK,sek,e-pepet,hi,सक,besek,KVK/KVK_sek_e-pepet.mp3,generated
KVK,sek,e-taling,id-MY,sehk,besek,KVK/KVK_sek_e-taling.mp3,already-present
KVK,sel,e-pepet,hi,सल,besel,KVK/KVK_sel_e-pepet.mp3,generated
KVK,sel,e-taling,id-MY,sehl,besel,KVK/KVK_sel_e-taling.mp3,already-present
KVK,sem,e-pepet,hi,सम,sembarang,KVK/KVK_sem_e-pepet.mp3,generated
KVK,sem,e-taling,id-MY,sehm,sembarang,KVK/KVK_sem_e-taling.mp3,already-present
KVK,sen,e-pepet,hi,सन,besen,KVK/KVK_sen_e-pepet.mp3,generated
KVK,sen,e-taling,id-MY,sehn,besen,KVK/KVK_sen_e-taling.mp3,already-present
KVK,sep,e-pepet,hi,सप,antiseptik,KVK/KVK_sep_e-pepet.mp3,generated
KVK,sep,e-taling,id-MY,sehp,antiseptik,KVK/KVK_sep_e-taling.mp3,already-present
KVK,ser,e-pepet,hi,सर,beser,KVK/KVK_ser_e-pepet.mp3,generated
KVK,ser,e-taling,id-MY,sehr,beser,KVK/KVK_ser_e-taling.mp3,already-present
KVK,ses,e-pepet,hi,सस,pemproses,KVK/KVK_ses_e-pepet.mp3,generated
KVK,ses,e-taling,id-MY,sehs,pemproses,KVK/KVK_ses_e-taling.mp3,already-present
KVK,set,e-pepet,hi,सत,aksomiset,KVK/KVK_set_e-pepet.mp3,generated
KVK,set,e-taling,id-MY,seht,aksomiset,KVK/KVK_set_e-taling.mp3,already-present
KVK,sih,standard,id-MY,sih,cenderawasih,KVK/KVK_sih.mp3,already-present
KVK,sik,standard,id-MY,sik,asik,KVK/KVK_sik.mp3,already-present
KVK,sil,standard,id-MY,sil,alhasil,KVK/KVK_sil.mp3,already-present
KVK,sim,standard,id-MY,sim,biojisim,KVK/KVK_sim.mp3,already-present
KVK,sin,standard,id-MY,sin,asin,KVK/KVK_sin.mp3,already-present
KVK,sip,standard,id-MY,sip,derisip,KVK/KVK_sip.mp3,already-present
KVK,sir,standard,id-MY,sir,adpisir,KVK/KVK_sir.mp3,already-present
KVK,sis,standard,id-MY,sis,abiogenesis,KVK/KVK_sis.mp3,already-present
KVK,sit,standard,id-MY,sit,basit,KVK/KVK_sit.mp3,already-present
KVK,soh,standard,id-MY,soh,sosoh,KVK/KVK_soh.mp3,already-present
KVK,sok,standard,id-MY,sok,asok,KVK/KVK_sok.mp3,already-present
KVK,sol,standard,id-MY,sol,aerosol,KVK/KVK_sol.mp3,already-present
KVK,som,standard,id-MY,som,kolesom,KVK/KVK_som.mp3,already-present
KVK,son,standard,id-MY,son,bison,KVK/KVK_son.mp3,already-present
KVK,sop,standard,id-MY,sop,soprano,KVK/KVK_sop.mp3,already-present
KVK,sor,standard,id-MY,sor,agresor,KVK/KVK_sor.mp3,already-present
KVK,sos,standard,id-MY,sos,sos,KVK/KVK_sos.mp3,already-present
KVK,sot,standard,id-MY,sot,besot,KVK/KVK_sot.mp3,already-present
KVK,suh,standard,id-MY,suh,asuh,KVK/KVK_suh.mp3,already-present
KVK,suk,standard,id-MY,suk,basuk,KVK/KVK_suk.mp3,already-present
KVK,sul,standard,id-MY,sul,bisul,KVK/KVK_sul.mp3,already-present
KVK,sum,standard,id-MY,sum,kesum,KVK/KVK_sum.mp3,already-present
KVK,sun,standard,id-MY,sun,asungan,KVK/KVK_sun.mp3,already-present
KVK,sup,standard,id-MY,sup,desup,KVK/KVK_sup.mp3,already-present
KVK,sur,standard,id-MY,sur,brosur,KVK/KVK_sur.mp3,already-present
KVK,sus,standard,id-MY,sus,desus,KVK/KVK_sus.mp3,already-present
KVK,sut,standard,id-MY,sut,belasut,KVK/KVK_sut.mp3,already-present
KVK,tah,standard,id-MY,tah,apatah,KVK/KVK_tah.mp3,already-present
KVK,tak,standard,id-MY,tak,aerotaksis,KVK/KVK_tak.mp3,already-present
KVK,tal,standard,id-MY,tal,antenatal,KVK/KVK_tal.mp3,already-present
KVK,tam,standard,id-MY,tam,hitam,KVK/KVK_tam.mp3,already-present
KVK,tan,standard,id-MY,tan,ajutan,KVK/KVK_tan.mp3,already-present
KVK,tap,standard,id-MY,tap,atap,KVK/KVK_tap.mp3,already-present
KVK,tar,standard,id-MY,tar,atar,KVK/KVK_tar.mp3,already-present
KVK,tas,standard,id-MY,tas,atas,KVK/KVK_tas.mp3,already-present
KVK,tat,standard,id-MY,tat,batat,KVK/KVK_tat.mp3,already-present
KVK,teh,e-pepet,hi,तह,celoteh,KVK/KVK_teh_e-pepet.mp3,generated
KVK,teh,e-taling,id-MY,tehh,celoteh,KVK/KVK_teh_e-taling.mp3,already-present
KVK,tek,e-pepet,hi,तक,agroteknologi,KVK/KVK_tek_e-pepet.mp3,generated
KVK,tek,e-taling,id-MY,tehk,agroteknologi,KVK/KVK_tek_e-taling.mp3,already-present
KVK,tel,e-pepet,hi,तल,hotel,KVK/KVK_tel_e-pepet.mp3,generated
KVK,tel,e-taling,id-MY,tehl,hotel,KVK/KVK_tel_e-taling.mp3,already-present
KVK,tem,e-pepet,hi,तम,setem,KVK/KVK_tem_e-pepet.mp3,generated
KVK,tem,e-taling,id-MY,tehm,setem,KVK/KVK_tem_e-taling.mp3,already-present
KVK,ten,e-pepet,hi,तन,atendan,KVK/KVK_ten_e-pepet.mp3,generated
KVK,ten,e-taling,id-MY,tehn,atendan,KVK/KVK_ten_e-taling.mp3,already-present
KVK,ter,e-pepet,hi,तर,aerometer,KVK/KVK_ter_e-pepet.mp3,generated
KVK,ter,e-taling,id-MY,tehr,aerometer,KVK/KVK_ter_e-taling.mp3,already-present
KVK,tes,e-pepet,hi,तस,diabetes,KVK/KVK_tes_e-pepet.mp3,generated
KVK,tes,e-taling,id-MY,tehs,diabetes,KVK/KVK_tes_e-taling.mp3,already-present
KVK,tet,e-pepet,hi,तत,aktivitet,KVK/KVK_tet_e-pepet.mp3,generated
KVK,tet,e-taling,id-MY,teht,aktivitet,KVK/KVK_tet_e-taling.mp3,already-present
KVK,tih,standard,id-MY,tih,batih,KVK/KVK_tih.mp3,already-present
KVK,tik,standard,id-MY,tik,adiabatik,KVK/KVK_tik.mp3,already-present
KVK,til,standard,id-MY,til,batil,KVK/KVK_til.mp3,already-present
KVK,tim,standard,id-MY,tim,ketimbung,KVK/KVK_tim.mp3,already-present
KVK,tin,standard,id-MY,tin,astatin,KVK/KVK_tin.mp3,already-present
KVK,tip,standard,id-MY,tip,alketip,KVK/KVK_tip.mp3,already-present
KVK,tir,standard,id-MY,tir,batir,KVK/KVK_tir.mp3,already-present
KVK,tis,standard,id-MY,tis,apendisitis,KVK/KVK_tis.mp3,already-present
KVK,tit,standard,id-MY,tit,hematit,KVK/KVK_tit.mp3,already-present
KVK,toh,standard,id-MY,toh,botoh,KVK/KVK_toh.mp3,already-present
KVK,tok,standard,id-MY,tok,antitoksin,KVK/KVK_tok.mp3,already-present
KVK,tol,standard,id-MY,tol,atol,KVK/KVK_tol.mp3,already-present
KVK,tom,standard,id-MY,tom,atom,KVK/KVK_tom.mp3,already-present
KVK,ton,standard,id-MY,ton,aseton,KVK/KVK_ton.mp3,already-present
KVK,top,standard,id-MY,top,atop,KVK/KVK_top.mp3,already-present
KVK,tor,standard,id-MY,tor,administrator,KVK/KVK_tor.mp3,already-present
KVK,tos,standard,id-MY,tos,atos,KVK/KVK_tos.mp3,already-present
KVK,tot,standard,id-MY,tot,kemetot,KVK/KVK_tot.mp3,already-present
KVK,tuh,standard,id-MY,tuh,butuh,KVK/KVK_tuh.mp3,already-present
KVK,tuk,standard,id-MY,tuk,atuk,KVK/KVK_tuk.mp3,already-present
KVK,tul,standard,id-MY,tul,alamatulhayat,KVK/KVK_tul.mp3,already-present
KVK,tum,standard,id-MY,tum,arboretum,KVK/KVK_tum.mp3,already-present
KVK,tun,standard,id-MY,tun,atun,KVK/KVK_tun.mp3,already-present
KVK,tup,standard,id-MY,tup,detup,KVK/KVK_tup.mp3,already-present
KVK,tur,standard,id-MY,tur,amatur,KVK/KVK_tur.mp3,already-present
KVK,tus,standard,id-MY,tus,cetus,KVK/KVK_tus.mp3,already-present
KVK,tut,standard,id-MY,tut,betut,KVK/KVK_tut.mp3,already-present
KVK,vak,standard,id-MY,vak,vaksin,KVK/KVK_vak.mp3,already-present
KVK,val,standard,id-MY,val,festival,KVK/KVK_val.mp3,already-present
KVK,van,standard,id-MY,van,relevan,KVK/KVK_van.mp3,already-present
KVK,var,standard,id-MY,var,varnis,KVK/KVK_var.mp3,already-present
KVK,vas,standard,id-MY,vas,kardiovaskular,KVK/KVK_vas.mp3,already-present
KVK,vek,e-pepet,hi,वक,vektor,KVK/KVK_vek_e-pepet.mp3,generated
KVK,vek,e-taling,id-MY,vehk,vektor,KVK/KVK_vek_e-taling.mp3,already-present
KVK,vel,e-pepet,hi,वल,machiavellianisme,KVK/KVK_vel_e-pepet.mp3,generated
KVK,vel,e-taling,id-MY,vehl,machiavellianisme,KVK/KVK_vel_e-taling.mp3,already-present
KVK,vem,e-pepet,hi,वम,november,KVK/KVK_vem_e-pepet.mp3,generated
KVK,vem,e-taling,id-MY,vehm,november,KVK/KVK_vem_e-taling.mp3,already-present
KVK,ven,e-pepet,hi,वन,vendor,KVK/KVK_ven_e-pepet.mp3,generated
KVK,ven,e-taling,id-MY,vehn,vendor,KVK/KVK_ven_e-taling.mp3,already-present
KVK,ver,e-pepet,hi,वर,biodiversiti,KVK/KVK_ver_e-pepet.mp3,generated
KVK,ver,e-taling,id-MY,vehr,biodiversiti,KVK/KVK_ver_e-taling.mp3,already-present
KVK,vet,e-pepet,hi,वत,brevet,KVK/KVK_vet_e-pepet.mp3,generated
KVK,vet,e-taling,id-MY,veht,brevet,KVK/KVK_vet_e-taling.mp3,already-present
KVK,vik,standard,id-MY,vik,sivik,KVK/KVK_vik.mp3,already-present
KVK,vil,standard,id-MY,vil,sivil,KVK/KVK_vil.mp3,already-present
KVK,vir,standard,id-MY,vir,virgo,KVK/KVK_vir.mp3,already-present
KVK,vis,standard,id-MY,vis,aktivis,KVK/KVK_vis.mp3,already-present
KVK,vit,standard,id-MY,vit,afidavit,KVK/KVK_vit.mp3,already-present
KVK,vol,standard,id-MY,vol,revolver,KVK/KVK_vol.mp3,already-present
KVK,vor,standard,id-MY,vor,herbivor,KVK/KVK_vor.mp3,already-present
KVK,vul,standard,id-MY,vul,vulva,KVK/KVK_vul.mp3,already-present
KVK,vum,standard,id-MY,vum,ovum,KVK/KVK_vum.mp3,already-present
KVK,vur,standard,id-MY,vur,fotogravur,KVK/KVK_vur.mp3,already-present
KVK,wah,standard,id-MY,wah,awah,KVK/KVK_wah.mp3,already-present
KVK,wak,standard,id-MY,wak,awak,KVK/KVK_wak.mp3,already-present
KVK,wal,standard,id-MY,wal,awal,KVK/KVK_wal.mp3,already-present
KVK,wam,standard,id-MY,wam,awam,KVK/KVK_wam.mp3,already-present
KVK,wan,standard,id-MY,wan,aiwan,KVK/KVK_wan.mp3,already-present
KVK,wap,standard,id-MY,wap,peluwap,KVK/KVK_wap.mp3,already-present
KVK,war,standard,id-MY,war,adiwarna,KVK/KVK_war.mp3,already-present
KVK,was,standard,id-MY,was,awas,KVK/KVK_was.mp3,already-present
KVK,wat,standard,id-MY,wat,adawat,KVK/KVK_wat.mp3,already-present
KVK,weh,e-pepet,hi,वह,jeleweh,KVK/KVK_weh_e-pepet.mp3,generated
KVK,weh,e-taling,id-MY,wehh,jeleweh,KVK/KVK_weh_e-taling.mp3,already-present
KVK,wek,e-pepet,hi,वक,awewek,KVK/KVK_wek_e-pepet.mp3,generated
KVK,wek,e-taling,id-MY,wehk,awewek,KVK/KVK_wek_e-taling.mp3,already-present
KVK,wel,e-pepet,hi,वल,bawel,KVK/KVK_wel_e-pepet.mp3,generated
KVK,wel,e-taling,id-MY,wehl,bawel,KVK/KVK_wel_e-taling.mp3,already-present
KVK,wer,e-pepet,hi,वर,kelewer,KVK/KVK_wer_e-pepet.mp3,generated
KVK,wer,e-taling,id-MY,wehr,kelewer,KVK/KVK_wer_e-taling.mp3,already-present
KVK,wet,e-pepet,hi,वत,awet,KVK/KVK_wet_e-pepet.mp3,generated
KVK,wet,e-taling,id-MY,weht,awet,KVK/KVK_wet_e-taling.mp3,already-present
KVK,wih,standard,id-MY,wih,takuwih,KVK/KVK_wih.mp3,already-present
KVK,wik,standard,id-MY,wik,kawik,KVK/KVK_wik.mp3,already-present
KVK,win,standard,id-MY,win,kakawin,KVK/KVK_win.mp3,already-present
KVK,wir,standard,id-MY,wir,seliwir,KVK/KVK_wir.mp3,already-present
KVK,wis,standard,id-MY,wis,cawis,KVK/KVK_wis.mp3,already-present
KVK,wit,standard,id-MY,wit,jiwit,KVK/KVK_wit.mp3,already-present
KVK,wok,standard,id-MY,wok,berewok,KVK/KVK_wok.mp3,already-present
KVK,won,standard,id-MY,won,rawon,KVK/KVK_won.mp3,already-present
KVK,wur,standard,id-MY,wur,awur,KVK/KVK_wur.mp3,already-present
KVK,wus,standard,id-MY,wus,wushu,KVK/KVK_wus.mp3,already-present
KVK,wut,standard,id-MY,wut,jawawut,KVK/KVK_wut.mp3,already-present
KVK,yah,standard,id-MY,yah,antijenayah,KVK/KVK_yah.mp3,already-present
KVK,yak,standard,id-MY,yak,ayak,KVK/KVK_yak.mp3,already-present
KVK,yal,standard,id-MY,yal,gayal,KVK/KVK_yal.mp3,already-present
KVK,yam,standard,id-MY,yam,ayam,KVK/KVK_yam.mp3,already-present
KVK,yan,standard,id-MY,yan,ayan,KVK/KVK_yan.mp3,already-present
KVK,yap,standard,id-MY,yap,ayap,KVK/KVK_yap.mp3,already-present
KVK,yar,standard,id-MY,yar,bayar,KVK/KVK_yar.mp3,already-present
KVK,yas,standard,id-MY,yas,bayas,KVK/KVK_yas.mp3,already-present
KVK,yat,standard,id-MY,yat,alamatulhayat,KVK/KVK_yat.mp3,already-present
KVK,yek,e-pepet,hi,यक,rempeyek,KVK/KVK_yek_e-pepet.mp3,generated
KVK,yek,e-taling,id-MY,yehk,rempeyek,KVK/KVK_yek_e-taling.mp3,already-present
KVK,yem,e-pepet,hi,यम,sayembara,KVK/KVK_yem_e-pepet.mp3,generated
KVK,yem,e-taling,id-MY,yehm,sayembara,KVK/KVK_yem_e-taling.mp3,already-present
KVK,yir,standard,id-MY,yir,ayir,KVK/KVK_yir.mp3,already-present
KVK,yis,standard,id-MY,yis,yis,KVK/KVK_yis.mp3,already-present
KVK,yoh,standard,id-MY,yoh,toyoh,KVK/KVK_yoh.mp3,already-present
KVK,yok,standard,id-MY,yok,keroyok,KVK/KVK_yok.mp3,already-present
KVK,yol,standard,id-MY,yol,toyol,KVK/KVK_yol.mp3,already-present
KVK,yon,standard,id-MY,yon,krayon,KVK/KVK_yon.mp3,already-present
KVK,yor,standard,id-MY,yor,konveyor,KVK/KVK_yor.mp3,already-present
KVK,yot,standard,id-MY,yot,boyot,KVK/KVK_yot.mp3,already-present
KVK,yuh,standard,id-MY,yuh,ayuh,KVK/KVK_yuh.mp3,already-present
KVK,yuk,standard,id-MY,yuk,ayuk,KVK/KVK_yuk.mp3,already-present
KVK,yul,standard,id-MY,yul,tahayul,KVK/KVK_yul.mp3,already-present
KVK,yum,standard,id-MY,yum,ayum,KVK/KVK_yum.mp3,already-present
KVK,yun,standard,id-MY,yun,ayun,KVK/KVK_yun.mp3,already-present
KVK,yup,standard,id-MY,yup,kuyup,KVK/KVK_yup.mp3,already-present
KVK,yur,standard,id-MY,yur,bayur,KVK/KVK_yur.mp3,already-present
KVK,yus,standard,id-MY,yus,dayus,KVK/KVK_yus.mp3,already-present
KVK,yut,standard,id-MY,yut,ayut,KVK/KVK_yut.mp3,already-present
KVK,zah,standard,id-MY,zah,ijazah,KVK/KVK_zah.mp3,already-present
KVK,zak,standard,id-MY,zak,nazak,KVK/KVK_zak.mp3,already-present
KVK,zal,standard,id-MY,zal,azal,KVK/KVK_zal.mp3,already-present
KVK,zam,standard,id-MY,zam,azam,KVK/KVK_zam.mp3,already-present
KVK,zan,standard,id-MY,zan,azan,KVK/KVK_zan.mp3,already-present
KVK,zar,standard,id-MY,zar,bazar,KVK/KVK_zar.mp3,already-present
KVK,zat,standard,id-MY,zat,lazat,KVK/KVK_zat.mp3,already-present
KVK,zen,e-pepet,hi,ज़न,dozen,KVK/KVK_zen_e-pepet.mp3,generated
KVK,zen,e-taling,id-MY,zehn,dozen,KVK/KVK_zen_e-taling.mp3,already-present
KVK,zer,e-pepet,hi,ज़र,blazer,KVK/KVK_zer_e-pepet.mp3,generated
KVK,zer,e-taling,id-MY,zehr,blazer,KVK/KVK_zer_e-taling.mp3,already-present
KVK,zik,standard,id-MY,zik,astrofizik,KVK/KVK_zik.mp3,already-present
KVK,zil,standard,id-MY,zil,zillullah,KVK/KVK_zil.mp3,already-present
KVK,zim,standard,id-MY,zim,azim,KVK/KVK_zim.mp3,already-present
KVK,zin,standard,id-MY,zin,izin,KVK/KVK_zin.mp3,already-present
KVK,zip,standard,id-MY,zip,zip,KVK/KVK_zip.mp3,already-present
KVK,zir,standard,id-MY,zir,bazir,KVK/KVK_zir.mp3,already-present
KVK,zom,standard,id-MY,zom,rizom,KVK/KVK_zom.mp3,already-present
KVK,zon,standard,id-MY,zon,horizon,KVK/KVK_zon.mp3,already-present
KVK,zuh,standard,id-MY,zuh,zuhrah,KVK/KVK_zuh.mp3,already-present
KVK,zuk,standard,id-MY,zuk,juzuk,KVK/KVK_zuk.mp3,already-present
KVK,zul,standard,id-MY,zul,nuzul,KVK/KVK_zul.mp3,already-present
KVK,zum,standard,id-MY,zum,zum,KVK/KVK_zum.mp3,already-present
KVK,zur,standard,id-MY,zur,uzur,KVK/KVK_zur.mp3,already-present
KV,ba,standard,zh-CN,ba,,KV/KV_ba.mp3,pinyin-zh
KV,be,e-pepet,hi,ब,,KV/KV_be_e-pepet.mp3,sound-alike-hi
KV,be,e-taling,ms,beée,,KV/KV_be_e-taling.mp3,generated-ms
KV,bi,standard,ms,bi,,KV/KV_bi.mp3,generated-ms
KV,bo,standard,ms,bo,,KV/KV_bo.mp3,generated-ms
KV,bu,standard,ms,bu,,KV/KV_bu.mp3,generated-ms
KV,ca,standard,ms,ca,,KV/KV_ca.mp3,generated-ms
KV,ce,e-pepet,ms,ce.,,KV/KV_ce_e-pepet.mp3,generated-ms
KV,ce,e-taling,ms,ceée,,KV/KV_ce_e-taling.mp3,generated-ms
KV,ci,standard,ms,ci,,KV/KV_ci.mp3,generated-ms
KV,co,standard,ms,cotok,,KV/KV_co.mp3,open-ms
KV,cu,standard,ms,cu,,KV/KV_cu.mp3,generated-ms
KV,da,standard,zh-CN,da,,KV/KV_da.mp3,pinyin-zh
KV,de,e-pepet,ms,de.,,KV/KV_de_e-pepet.mp3,generated-ms
KV,de,e-taling,ms,deée,,KV/KV_de_e-taling.mp3,generated-ms
KV,di,standard,ms,di,,KV/KV_di.mp3,generated-ms
KV,do,standard,ms,dokar,,KV/KV_do.mp3,open-ms
KV,du,standard,ms,du,,KV/KV_du.mp3,generated-ms
KV,fa,standard,ms,fa,,KV/KV_fa.mp3,generated-ms
KV,fe,e-pepet,ms,fe.,,KV/KV_fe_e-pepet.mp3,generated-ms
KV,fe,e-taling,ms,feée,,KV/KV_fe_e-taling.mp3,generated-ms
KV,fi,standard,ms,fi,,KV/KV_fi.mp3,generated-ms
KV,fo,standard,ms,fo,,KV/KV_fo.mp3,generated-ms
KV,fu,standard,ms,fu,,KV/KV_fu.mp3,generated-ms
KV,ga,standard,zh-CN,ga,,KV/KV_ga.mp3,pinyin-zh
KV,ge,e-pepet,ms,ge.,,KV/KV_ge_e-pepet.mp3,generated-ms
KV,ge,e-taling,ms,geée,,KV/KV_ge_e-taling.mp3,generated-ms
KV,gi,standard,ms,gi,,KV/KV_gi.mp3,generated-ms
KV,go,standard,ms,go,,KV/KV_go.mp3,generated-ms
KV,gu,standard,ms,gu,,KV/KV_gu.mp3,generated-ms
KV,ha,standard,ms,ha,,KV/KV_ha.mp3,generated-ms
KV,he,e-pepet,zh-CN,赫,,KV/KV_he_e-pepet.mp3,sound-alike-zh
KV,he,e-taling,ms,helikopter,,KV/KV_he_e-taling.mp3,open-ms
KV,hi,standard,ms,hitung,,KV/KV_hi.mp3,open-ms
KV,ho,standard,ms,ho,,KV/KV_ho.mp3,generated-ms
KV,hu,standard,ms,hu,,KV/KV_hu.mp3,generated-ms
KV,ja,standard,ms,ja,,KV/KV_ja.mp3,generated-ms
KV,je,e-pepet,ms,je.,,KV/KV_je_e-pepet.mp3,generated-ms
KV,je,e-taling,ms,jeée,,KV/KV_je_e-taling.mp3,generated-ms
KV,ji,standard,ms,ji,,KV/KV_ji.mp3,generated-ms
KV,jo,standard,ms,jo,,KV/KV_jo.mp3,generated-ms
KV,ju,standard,ms,ju,,KV/KV_ju.mp3,generated-ms
KV,ka,standard,zh-CN,ka,,KV/KV_ka.mp3,pinyin-zh
KV,ke,e-pepet,ms,ke.,,KV/KV_ke_e-pepet.mp3,generated-ms
KV,ke,e-taling,ms,keée,,KV/KV_ke_e-taling.mp3,generated-ms
KV,ki,standard,ms,ki,,KV/KV_ki.mp3,generated-ms
KV,ko,standard,ms,ko,,KV/KV_ko.mp3,generated-ms
KV,ku,standard,ms,ku,,KV/KV_ku.mp3,generated-ms
KV,la,standard,zh-CN,la,,KV/KV_la.mp3,pinyin-zh
KV,le,e-pepet,ms,le.,,KV/KV_le_e-pepet.mp3,generated-ms
KV,le,e-taling,ms,leée,,KV/KV_le_e-taling.mp3,generated-ms
KV,li,standard,ms,li,,KV/KV_li.mp3,generated-ms
KV,lo,standard,ms,lo,,KV/KV_lo.mp3,generated-ms
KV,lu,standard,ms,lu,,KV/KV_lu.mp3,generated-ms
KV,ma,standard,zh-CN,ma,,KV/KV_ma.mp3,pinyin-zh
KV,me,e-pepet,zh-CN,么,,KV/KV_me_e-pepet.mp3,sound-alike-zh
KV,me,e-taling,ms,meja,,KV/KV_me_e-taling.mp3,open-ms
KV,mi,standard,ms,mi,,KV/KV_mi.mp3,generated-ms
KV,mo,standard,ms,mo,,KV/KV_mo.mp3,generated-ms
KV,mu,standard,ms,mu,,KV/KV_mu.mp3,generated-ms
KV,na,standard,zh-CN,na,,KV/KV_na.mp3,pinyin-zh
KV,ne,e-pepet,zh-CN,呢,,KV/KV_ne_e-pepet.mp3,sound-alike-zh
KV,ne,e-taling,ms,netral,,KV/KV_ne_e-taling.mp3,open-ms
KV,ni,standard,ms,ni,,KV/KV_ni.mp3,generated-ms
KV,no,standard,ms,nota,,KV/KV_no.mp3,open-ms
KV,nu,standard,ms,nu,,KV/KV_nu.mp3,generated-ms
KV,pa,standard,zh-CN,怕,,KV/KV_pa.mp3,pinyin-zh
KV,pe,e-pepet,ms,pe.,,KV/KV_pe_e-pepet.mp3,generated-ms
KV,pe,e-taling,ms,peée,,KV/KV_pe_e-taling.mp3,generated-ms
KV,pi,standard,ms,pi,,KV/KV_pi.mp3,generated-ms
KV,po,standard,ms,po,,KV/KV_po.mp3,generated-ms
KV,pu,standard,ms,pu,,KV/KV_pu.mp3,generated-ms
KV,qa,standard,ms,qa,,KV/KV_qa.mp3,generated-ms
KV,qe,e-pepet,ms,qe.,,KV/KV_qe_e-pepet.mp3,generated-ms
KV,qe,e-taling,ms,qeée,,KV/KV_qe_e-taling.mp3,generated-ms
KV,qi,standard,ms,qi,,KV/KV_qi.mp3,generated-ms
KV,qo,standard,ms,qo,,KV/KV_qo.mp3,generated-ms
KV,qu,standard,ms,qu,,KV/KV_qu.mp3,generated-ms
KV,ra,standard,ms,ra,,KV/KV_ra.mp3,generated-ms
KV,re,e-pepet,ms,re.,,KV/KV_re_e-pepet.mp3,generated-ms
KV,re,e-taling,ms,reée,,KV/KV_re_e-taling.mp3,generated-ms
KV,ri,standard,ms,ri,,KV/KV_ri.mp3,generated-ms
KV,ro,standard,ms,ro,,KV/KV_ro.mp3,generated-ms
KV,ru,standard,ms,ru,,KV/KV_ru.mp3,generated-ms
KV,sa,standard,zh-CN,sa,,KV/KV_sa.mp3,pinyin-zh
KV,se,e-pepet,ms,se.,,KV/KV_se_e-pepet.mp3,generated-ms
KV,se,e-taling,ms,seée,,KV/KV_se_e-taling.mp3,generated-ms
KV,si,standard,ms,si,,KV/KV_si.mp3,generated-ms
KV,so,standard,ms,so,,KV/KV_so.mp3,generated-ms
KV,su,standard,ms,su,,KV/KV_su.mp3,generated-ms
KV,ta,standard,zh-CN,ta,,KV/KV_ta.mp3,pinyin-zh
KV,te,e-pepet,zh-CN,特,,KV/KV_te_e-pepet.mp3,sound-alike-zh
KV,te,e-taling,ms,teater,,KV/KV_te_e-taling.mp3,open-ms
KV,ti,standard,ms,ti,,KV/KV_ti.mp3,generated-ms
KV,to,standard,ms,toge,,KV/KV_to.mp3,open-ms
KV,tu,standard,ms,tu,,KV/KV_tu.mp3,generated-ms
KV,va,standard,ms,va,,KV/KV_va.mp3,natural-ms
KV,ve,e-pepet,ms,ve.,,KV/KV_ve_e-pepet.mp3,generated-ms
KV,ve,e-taling,ms,veée,,KV/KV_ve_e-taling.mp3,generated-ms
KV,vi,standard,ms,vi,,KV/KV_vi.mp3,generated-ms
KV,vo,standard,ms,vo,,KV/KV_vo.mp3,generated-ms
KV,vu,standard,ms,vu,,KV/KV_vu.mp3,generated-ms
KV,wa,standard,ms,wa,,KV/KV_wa.mp3,generated-ms
KV,we,e-pepet,mixed,我+特+le.,,KV/KV_we_e-pepet.mp3,spliced-hybrid
KV,we,e-taling,ms,wedang,,KV/KV_we_e-taling.mp3,open-ms
KV,wi,standard,ms,wi,,KV/KV_wi.mp3,generated-ms
KV,wo,standard,ms,wo,,KV/KV_wo.mp3,generated-ms
KV,wu,standard,ms,wu,,KV/KV_wu.mp3,generated-ms
KV,ya,standard,zh-CN,ya,,KV/KV_ya.mp3,pinyin-zh
KV,ye,e-pepet,mixed,我+特+le.,,KV/KV_ye_e-pepet.mp3,spliced-hybrid
KV,ye,e-taling,ms,yesus,,KV/KV_ye_e-taling.mp3,open-ms
KV,yi,standard,ms,yi,,KV/KV_yi.mp3,generated-ms
KV,yo,standard,ms,yo,,KV/KV_yo.mp3,generated-ms
KV,yu,standard,ms,yu,,KV/KV_yu.mp3,generated-ms
KV,za,standard,zh-CN,za,,KV/KV_za.mp3,pinyin-zh
KV,ze,e-pepet,zh-CN,则,,KV/KV_ze_e-pepet.mp3,sound-alike-zh
KV,ze,e-taling,ms,zebra,,KV/KV_ze_e-taling.mp3,open-ms
KV,zi,standard,ms,zi,,KV/KV_zi.mp3,generated-ms
KV,zo,standard,ms,zo,,KV/KV_zo.mp3,generated-ms
KV,zu,standard,ms,zu,,KV/KV_zu.mp3,generated-ms
